Nome,Email
Ana Souza,ana.souza@example.com
Pedro Lima,pedro.lima@example.com
Maria Oliveira,maria.oliveira@example.com
Joao Santos,joao.santos@example.com
Carla Mendes,carla.mendes@example.com
Lucas Ferreira,lucas.ferreira@example.com
Juliana Costa,juliana.costa@example.com
Rafael Almeida,rafael.almeida@example.com
Fernanda Rocha,fernanda.rocha@example.com
Bruno Martins,bruno.martins@example.com
Camila Ribeiro,camila.ribeiro@example.com
Andre Carvalho,andre.carvalho@example.com
Patricia Gomes,patricia.gomes@example.com
Felipe Araujo,felipe.araujo@example.com
Daniela Barros,daniela.barros@example.com
Rodrigo Nunes,rodrigo.nunes@example.com
Vanessa Pinto,vanessa.pinto@example.com
Eduardo Correia,eduardo.correia@example.com
Larissa Teixeira,larissa.teixeira@example.com
Thiago Moreira,thiago.moreira@example.com
Beatriz Farias,beatriz.farias@example.com
Gustavo Vieira,gustavo.vieira@example.com
Simone Castro,simone.castro@example.com
Diego Ramos,diego.ramos@example.com
Aline Cardoso,aline.cardoso@example.com
Marcelo Pires,marcelo.pires@example.com
Renata Cunha,renata.cunha@example.com
Victor Lopes,victor.lopes@example.com
Sabrina Braga,sabrina.braga@example.com
Henrique Duarte,henrique.duarte@example.com
Paula Freitas,paula.freitas@example.com
Igor Batista,igor.batista@example.com
Tatiane Moraes,tatiane.moraes@example.com
Alexandre Reis,alexandre.reis@example.com
Mariana Tavares,mariana.tavares@example.com
Fabio Monteiro,fabio.monteiro@example.com
Luana Campos,luana.campos@example.com
Sergio Antunes,sergio.antunes@example.com
Priscila Andrade,priscila.andrade@example.com
Jorge Silveira,jorge.silveira@example.com
Rafaela Brito,rafaela.brito@example.com
Leonardo Barcellos,leonardo.barcellos@example.com
Elaine Paiva,elaine.paiva@example.com
Mauricio Xavier,mauricio.xavier@example.com
Adriana Melo,adriana.melo@example.com
Renato Figueiredo,renato.figueiredo@example.com
Michele Santana,michele.santana@example.com
Cristiano Barreto,cristiano.barreto@example.com
Debora Assis,debora.assis@example.com
Samuel Borges,samuel.borges@example.com
